{"parent": "snc:beast/default/left_leg", "display": {"ground": {"rotation": [155.99948734663045, -9.998551754753331, -180.0], "translation": [6.6804, -15.7116, -15.6436], "scale": [0.4312497601448608, 0.43126101797519334, 0.4312404440970258]}}}