{"parent": "snc:beast/default/left_foot", "display": {"ground": {"rotation": [-178.66319758614813, -9.056132830507925, -175.7384986958604], "translation": [9.4488, -22.3412, -4.454], "scale": [0.5099997732842633, 0.5100096304237793, 0.5099920293494791]}}}