{"parent": "snc:beast/default/left_knee", "display": {"ground": {"rotation": [-178.66238278683312, -9.054193074464102, -175.73728800193894], "translation": [11.322, -7.784, 0.834], "scale": [0.7124992008767449, 0.7124943241001994, 0.7124952236682012]}}}