{"parent": "snc:beast/default/left_thigh", "display": {"ground": {"rotation": [85.71937977962378, -3.4052952017321734, 170.59269040701], "translation": [6.7164, -15.7644, -15.8364], "scale": [0.9562510215680818, 0.956250979084466, 0.9562518261420472]}}}