{"parent": "snc:beast/default/right_fingers_2", "display": {"ground": {"rotation": [27.77296492449051, -32.834071644247786, 25.098048335384792], "translation": [-2.9948, -11.5956, 0.2984], "scale": [0.24999632622300672, 0.2499906323244933, 0.24999202737287443]}}}