{"parent": "snc:beast/default/right_leg", "display": {"ground": {"rotation": [178.81202429446543, 9.23046266262173, 176.14070921883], "translation": [-6.6804, -15.7116, -15.6436], "scale": [0.4312494557967581, 0.4312419144169546, 0.4312504159418284]}}}