{"parent": "snc:beast/default/waist", "display": {"ground": {"rotation": [-161.49977310419482, 0.0, -180.0], "translation": [0.0, 5.9572, -18.6432], "scale": [1.25595, 1.255954727737031, 1.255954727737031]}}}