{"parent": "snc:attack/default/chest", "display": {"ground": {"rotation": [-153.2225354829848, 25.76959745540305, 179.06099227821866], "translation": [-0.0844, 15.4648, 0.1432], "scale": [0.5691733589162444, 0.569178608281267, 0.5691774509105223]}}}