{"parent": "snc:attack/default/left_thumb_2", "display": {"ground": {"rotation": [99.07751391427153, 27.542901123381807, -95.40387829809673], "translation": [5.326, -4.4012, 4.8336], "scale": [0.24999316240649463, 0.2500038162208729, 0.2500110210070748]}}}