{"parent": "snc:attack/berserk/left_fingers", "display": {"ground": {"rotation": [101.80448394647665, 47.42394581397057, -24.59533773834677], "translation": [5.4508, -6.2808, 6.5404], "scale": [0.25000681990697776, 0.24999630122263808, 0.2500055611881464]}}}