{"parent": "snc:attack/default/left_leg", "display": {"ground": {"rotation": [176.2456880799213, -9.66935839721186, 164.2821160281105], "translation": [3.4828, -3.3332, -7.644], "scale": [0.5956697244488761, 0.595681819955083, 0.5956737430212952]}}}