{"parent": "snc:attack/berserk/left_forearm", "display": {"ground": {"rotation": [101.80723418816882, 47.424464993292894, -124.59196929167794], "translation": [12.1452, 1.8972, 2.3432], "scale": [0.37633114158278214, 0.3763293919560363, 0.37633909576338204]}}}