{"parent": "snc:attack/berserk/left_foot", "display": {"ground": {"rotation": [-172.03052767340307, -14.143241957077874, 176.30978935980917], "translation": [7.3496, -25.0112, -19.5992], "scale": [0.28320389849894373, 0.2832090603688378, 0.28321524720607827]}}}