{"parent": "snc:attack/default/neck", "display": {"ground": {"rotation": [-178.32295183846847, 11.297136139088256, -177.4926817323356], "translation": [-0.068, 18.2112, 1.3648], "scale": [0.25000366372315425, 0.2500083261113517, 0.24999667122783856]}}}