{"parent": "snc:attack/berserk/right_hand", "display": {"ground": {"rotation": [162.70204856466904, -11.472348492155755, -146.22075245001022], "translation": [-15.26, 7.0536, -12.374], "scale": [0.250006297420685, 0.24999730623548727, 0.24999850374552243]}}}