{"parent": "snc:attack/default/right_foot", "display": {"ground": {"rotation": [-178.42027082990657, 28.28492504058297, 178.65589563159895], "translation": [-7.4884, -25.4964, -3.388], "scale": [0.2832080827324672, 0.2831988314329704, 0.28321164457874964]}}}