{"parent": "snc:attack/default/right_fingers", "display": {"ground": {"rotation": [162.70152777680292, -11.472596923452361, 128.7785047208349], "translation": [-16.57, 4.7972, -11.2676], "scale": [0.25000095624817115, 0.24998882600028347, 0.24999802749221842]}}}