{"parent": "snc:attack/default/right_thumb", "display": {"ground": {"rotation": [143.12441972682743, -17.9691454395858, -163.7484690961418], "translation": [-14.3884, 6.5004, -11.5052], "scale": [0.2499961162198325, 0.2500047049557268, 0.25000160624483997]}}}