{"parent": "snc:attack/berserk/right_cheek", "display": {"ground": {"rotation": [175.55884211256827, 9.620149817489008, -171.04942872097243], "translation": [-2.7892, -3.2196, -9.2252], "scale": [0.2842345697219112, 0.28423114273421907, 0.2842130736788862]}}}