{"parent": "snc:attack/default/right_fingers2", "display": {"ground": {"rotation": [162.70222813947447, -11.47236087554748, 56.283989175130735], "translation": [-15.2352, 3.4588, -11.0996], "scale": [0.2500060311772498, 0.250001449995795, 0.24999988749997468]}}}