{"parent": "snc:armor/chest", "display": {"ground": {"rotation": [-139.40624481360217, -46.29576651874342, -179.8015493059098], "translation": [1.0252, 6.7188, -10.5076], "scale": [0.6581330844707627, 0.6581332074511967, 0.6581247426400256]}}}