{"parent": "snc:armor/left_cheek", "display": {"ground": {"rotation": [-149.09025198994544, -22.532354155992934, 173.7721527758261], "translation": [4.0992, -0.822, -17.4896], "scale": [0.24999668997808752, 0.2500142808421151, 0.2500061724238024]}}}