{"parent": "snc:armor/left_shoulder", "display": {"ground": {"rotation": [124.9389948796542, -61.68658286496644, 33.084852928734975], "translation": [5.8128, 17.5336, -8.592], "scale": [0.2532752529364051, 0.2532692120057233, 0.25328100624602706]}}}