{"parent": "snc:armor/left_thumb", "display": {"ground": {"rotation": [-100.98008563913542, 79.8086534619076, 40.96658892722981], "translation": [14.9836, 23.222, -12.4084], "scale": [0.2499943249355873, 0.2500031512301395, 0.24999417743219543]}}}