{"parent": "snc:armor/left_hand", "display": {"ground": {"rotation": [-173.09024027974735, 58.30823252887481, 92.64019879618927], "translation": [15.6328, 23.9992, -12.9232], "scale": [0.25000393621901235, 0.25000840485871667, 0.25000274373494386]}}}