{"parent": "snc:armor/left_forearm", "display": {"ground": {"rotation": [-166.61781120995434, 30.776459726122987, 62.45057088373293], "translation": [7.7408, 20.0512, -19.0484], "scale": [0.45598905483026675, 0.45598160187665465, 0.45599435920304976]}}}