{"parent": "snc:armor/left_foot", "display": {"ground": {"rotation": [-87.67624886077104, -20.857293624715943, -151.7877936937396], "translation": [6.0528, -21.3724, -36.6056], "scale": [0.29427743075200313, 0.2942785532025737, 0.29427344107989084]}}}