{"parent": "snc:armor/left_thumb_2", "display": {"ground": {"rotation": [-152.6288295184566, -21.517499767702603, 81.74360936469436], "translation": [15.4084, 21.9052, -11.792], "scale": [0.2500099610515549, 0.24999247613678297, 0.25001242094144044]}}}