{"parent": "snc:armor/left_arm", "display": {"ground": {"rotation": [-139.40459971162508, -46.29520047105873, -179.80038568030838], "translation": [5.6164, 18.05, -7.8348], "scale": [0.3323376944088648, 0.3323416060697186, 0.3323597768232492]}}}