{"parent": "snc:armor/left_leg", "display": {"ground": {"rotation": [-149.5329968539788, -33.830061235113966, 169.20527692288195], "translation": [4.2256, -1.2372, -17.2428], "scale": [0.6189697937904564, 0.6189540759418263, 0.6189691727986136]}}}