{"parent": "snc:armor/neck", "display": {"ground": {"rotation": [-167.06661054377165, -62.82965920433107, 163.6163437602113], "translation": [0.4212, 15.7284, -3.6192], "scale": [0.3008476774050283, 0.3008470749400765, 0.3008405100713666]}}}