{"parent": "snc:armor/right_thumb", "display": {"ground": {"rotation": [36.28535409200263, -8.823912728655598, 95.01017510980132], "translation": [-4.0224, 6.998, 13.6384], "scale": [0.2500028262340248, 0.24999373117140355, 0.249982621896003]}}}