{"parent": "snc:armor/right_fingers", "display": {"ground": {"rotation": [60.08783708197755, -28.824064771913513, 20.590491115663124], "translation": [-2.5964, 6.5336, 16.4752], "scale": [0.24998875349703237, 0.2500010549977739, 0.2500074036403722]}}}