{"parent": "snc:armor/right_cheek", "display": {"ground": {"rotation": [-148.1219454457769, -7.665972613305389, 178.90729746434025], "translation": [-2.384, -2.0328, -16.4804], "scale": [0.2500044474604402, 0.25000530119379466, 0.25000660491275023]}}}