{"parent": "snc:armor/right_fingers_2", "display": {"ground": {"rotation": [60.08750351904389, -28.823459676592712, -91.91002394448061], "translation": [-2.1904, 5.5176, 15.08], "scale": [0.2499935511668251, 0.24999352616617893, 0.24999650747560456]}}}