{"parent": "snc:armor/right_leg", "display": {"ground": {"rotation": [132.1837323738906, 2.5858009308413767, -173.97753502184665], "translation": [-2.674, -2.1616, -15.642], "scale": [0.6189679530274569, 0.6189817576067973, 0.6189692429757718]}}}