{"parent": "snc:armor/right_knee", "display": {"ground": {"rotation": [-111.406093469803, 4.258692756672129, 175.01706504048983], "translation": [-4.3224, -11.5764, -5.6124], "scale": [0.7261668859497794, 0.7261541025326511, 0.7261573766236903]}}}