{"parent": "snc:armor/right_forearm", "display": {"ground": {"rotation": [41.951839526600175, -42.527125716660734, 117.81372984117375], "translation": [-11.9916, 6.9396, 6.2472], "scale": [0.455995165818674, 0.45598139010819294, 0.45598824409188443]}}}