{"parent": "snc:armor/weist", "display": {"ground": {"rotation": [-149.99958274855638, -14.998627938463903, -180.0], "translation": [1.2888, -1.6768, -14.2184], "scale": [0.4873531349288727, 0.4873459230874923, 0.48734639823743436]}}}