{"parent": "snc:warhammer/chest", "display": {"ground": {"rotation": [-149.33565734319325, -57.85680525389132, -161.99945300098662], "translation": [-2.6196, 17.646, -3.0616], "scale": [0.4958539685482007, 0.4958642593996869, 0.4958541740017926]}}}