{"parent": "snc:warhammer/left_fingers", "display": {"ground": {"rotation": [5.037308617294162, -55.8446653701837, 166.19147313656111], "translation": [17.4936, 13.5496, -4.824], "scale": [0.24999441118753038, 0.25000513119734163, 0.25000214374080876]}}}