{"parent": "snc:warhammer/left_forearm", "display": {"ground": {"rotation": [157.1734728814542, 53.08443992640479, 49.90044387133585], "translation": [10.9816, 20.0384, -10.6608], "scale": [0.35521243027940336, 0.3552259465818904, 0.3552096537609867]}}}