{"parent": "snc:warhammer/left_thumb", "display": {"ground": {"rotation": [-6.783149285112836, 4.203563767822707, -150.98055044719194], "translation": [13.7552, 27.7964, -9.3628], "scale": [0.24999921749877538, 0.2500098010578785, 0.24999016355648876]}}}