{"parent": "snc:warhammer/left_knee", "display": {"ground": {"rotation": [-164.9519185613036, -25.08634687055549, 174.22207176731652], "translation": [5.924, -2.5668, -1.7896], "scale": [0.7852897697665493, 0.7852838881576523, 0.7852927937240988]}}}