{"parent": "snc:warhammer/left_leg", "display": {"ground": {"rotation": [178.83931266425657, -22.7028752884226, 167.61701568669565], "translation": [3.2776, 8.9504, -1.3252], "scale": [0.4816009175136609, 0.4816170120022755, 0.4816037848948033]}}}