{"parent": "snc:warhammer/left_leg", "display": {"ground": {"rotation": [159.44388091840608, -35.687761927562235, 150.82197589868676], "translation": [2.2832, 8.2528, -6.0452], "scale": [0.48160016416629264, 0.48161886253551156, 0.4815988352612577]}}}