{"parent": "snc:warhammer/left_thumb_2", "display": {"ground": {"rotation": [42.921208443896454, -33.67651008479379, 151.5532876444953], "translation": [16.7228, 15.4984, -6.4512], "scale": [0.24999851249557464, 0.2499971137333389, 0.25000149499553]}}}