{"parent": "snc:warhammer/left_cheek", "display": {"ground": {"rotation": [170.6850879222546, -37.62516551505095, 152.32198394548755], "translation": [1.4272, 7.8328, -5.8944], "scale": [0.2500028274840107, 0.25000426121368413, 0.25000581243243125]}}}