{"parent": "snc:warhammer/left_foot", "display": {"ground": {"rotation": [-148.8459404737097, -56.60016363612828, -159.69827639268132], "translation": [2.1312, -13.0892, -16.3488], "scale": [0.3460803681950191, 0.34607134199468176, 0.34608144543589736]}}}