{"parent": "snc:warhammer/left_fingers", "display": {"ground": {"rotation": [30.724491424882267, -14.51296979452083, -115.08268162395728], "translation": [14.5752, 29.3032, -7.9852], "scale": [0.25000084499857195, 0.25000297623228407, 0.2500057374341637]}}}