{"parent": "snc:warhammer/left_knee", "display": {"ground": {"rotation": [-120.21519156578302, -39.32262156045941, -156.85032730199782], "translation": [7.3112, -2.432, -5.3984], "scale": [0.7852859682147645, 0.7852775838835591, 0.7853044019677975]}}}