{"parent": "snc:warhammer/left_shoulder", "display": {"ground": {"rotation": [131.6729256395899, -49.715958446103386, 78.98449340054312], "translation": [3.8604, 24.0484, -2.506], "scale": [0.4795841173610736, 0.47957738752468304, 0.47957949614740614]}}}