{"parent": "snc:warhammer/left_thumb", "display": {"ground": {"rotation": [13.679346643510033, -14.75535473056893, 139.16799914370753], "translation": [16.4564, 14.2024, -6.6512], "scale": [0.25000753363648864, 0.2500082673633014, 0.2499984262450466]}}}