{"parent": "snc:warhammer/left_hand", "display": {"ground": {"rotation": [9.132105068707942, -43.61950369776716, 101.82833384360718], "translation": [15.416, 13.258, -6.7224], "scale": [0.2500123159466349, 0.2500011924971559, 0.2500082711131774]}}}