{"parent": "snc:warhammer/left_shoulder", "display": {"ground": {"rotation": [177.20999991569994, -31.28216027686414, 143.2901655388468], "translation": [1.68, 24.3908, -4.572], "scale": [0.47958313278304526, 0.4795789357603188, 0.47958274963764075]}}}