{"parent": "snc:warhammer/left_fingers2", "display": {"ground": {"rotation": [7.768325769934926, -51.796578264159635, -89.35146615792205], "translation": [17.6608, 15.2916, -4.478], "scale": [0.24999364991935297, 0.2500097448100773, 0.2500039424689139]}}}