{"parent": "snc:warhammer/left_forearm", "display": {"ground": {"rotation": [128.42907013537263, -7.0262481498282945, 115.94723290838286], "translation": [8.398, 15.7512, -8.2496], "scale": [0.35520411737478497, 0.3552050270618365, 0.3552101376298261]}}}