{"parent": "snc:warhammer/left_foot", "display": {"ground": {"rotation": [-179.37454434619275, -29.126157444132748, 177.0706356058228], "translation": [7.206, -17.788, -6.9852], "scale": [0.34608208654161804, 0.3460669958620729, 0.3460792268397513]}}}