{"parent": "snc:warhammer/left_fingers2", "display": {"ground": {"rotation": [27.04465773965149, -12.040092209650968, -13.673922541858191], "translation": [12.9544, 30.0432, -8.07], "scale": [0.25000468620607896, 0.25000429746306363, 0.2500060874258865]}}}