{"parent": "snc:warhammer/neck", "display": {"ground": {"rotation": [-154.25996212747947, -43.38716189086806, -168.33752062510612], "translation": [-1.4948, 24.9348, -1.1508], "scale": [0.2499910135884888, 0.25000395246875595, 0.250004961200773]}}}