{"parent": "snc:warhammer/right_thumb", "display": {"ground": {"rotation": [53.274627549780064, 1.587381087505229, 42.960812095695836], "translation": [2.4252, 13.5712, 8.656], "scale": [0.24998662214206585, 0.25000426621359884, 0.24998411699546036]}}}