{"parent": "snc:warhammer/right_shoulder", "display": {"ground": {"rotation": [-61.32524837446372, -60.44799085689058, -42.92708220324434], "translation": [-2.81, 23.1056, 2.9732], "scale": [0.4795907526214408, 0.4795730040880116, 0.479582354762975]}}}