{"parent": "snc:warhammer/right_fingers4", "display": {"ground": {"rotation": [40.305505859770015, -21.191956131404186, -96.86815468229736], "translation": [4.3808, 11.1492, 8.5668], "scale": [0.2500043737117413, 0.24999814249309932, 0.24999371617102698]}}}