{"parent": "snc:warhammer/right_hand", "display": {"ground": {"rotation": [20.726277642007002, -41.414181109957866, 87.27150863546106], "translation": [0.2744, 9.8472, 9.9416], "scale": [0.2500009437482187, 0.2500071661472927, 0.25001154973320733]}}}