{"parent": "snc:warhammer/right_fingers3", "display": {"ground": {"rotation": [21.332609615791107, -42.6884004288834, 38.0657250382137], "translation": [2.4648, 9.0804, 11.5604], "scale": [0.24999599121785931, 0.24999849499546992, 0.25000074374889364]}}}