{"parent": "snc:warhammer/right_foot", "display": {"ground": {"rotation": [-150.49396022657422, -24.643402585628962, -145.78956979684781], "translation": [-8.4016, -8.774, 2.188], "scale": [0.3460685309660501, 0.34609028988112334, 0.3460755336628118]}}}