{"parent": "snc:warhammer/right_cheek", "display": {"ground": {"rotation": [179.41509597011216, -51.89347446658337, -166.6595404328866], "translation": [-2.1444, 6.6484, -2.1996], "scale": [0.25001120224901924, 0.24999464369261995, 0.24999007605303056]}}}