{"parent": "snc:warhammer/right_leg", "display": {"ground": {"rotation": [103.65664726307249, -42.50790700156777, 142.2626621148083], "translation": [-2.1788, 8.1556, -1.8152], "scale": [0.48161740131560865, 0.48161634238260637, 0.4816138767207606]}}}