{"parent": "snc:warhammer/right_thumb_3", "display": {"ground": {"rotation": [-9.041774362639687, -51.372634377241766, 44.89615638101092], "translation": [2.1412, 8.0464, 9.2024], "scale": [0.24999282989717925, 0.24999075232896117, 0.25000305248136473]}}}