{"parent": "snc:warhammer/right_forearm", "display": {"ground": {"rotation": [71.22830389604131, -13.222453846607554, 94.41586092090836], "translation": [-5.6004, 15.3768, 8.0144], "scale": [0.35521859994938326, 0.3552094954037687, 0.35520756783886237]}}}