{"parent": "snc:warhammer/right_foot", "display": {"ground": {"rotation": [-167.91200039652463, 13.99136514330708, 173.52415037032736], "translation": [-5.4256, -16.8516, 4.0228], "scale": [0.3460852884405808, 0.3460828757320997, 0.3460856586525943]}}}