{"parent": "snc:warhammer/right_thumb", "display": {"ground": {"rotation": [22.027496062485863, -13.939169934154163, 62.896381189785714], "translation": [1.4164, 9.0888, 9.626], "scale": [0.2500087060984077, 0.24999497994959818, 0.24999823249375183]}}}