{"parent": "snc:warhammer/right_knee", "display": {"ground": {"rotation": [-134.82059278024673, -22.5717849013686, -129.14847555696085], "translation": [3.3036, 1.5372, 6.3092], "scale": [0.7852868222025631, 0.7852876785770931, 0.7853046848994344]}}}