{"parent": "snc:warhammer/right_fingers3", "display": {"ground": {"rotation": [42.29613250036439, -25.136793208401755, 16.174894222803836], "translation": [4.0736, 12.5204, 9.6652], "scale": [0.2500112659961547, 0.24998961103413878, 0.2499922798807995]}}}