{"parent": "snc:warhammer/right_forearm", "display": {"ground": {"rotation": [74.59343155483322, -29.84593879001668, 90.62765729297217], "translation": [-6.2208, 13.4036, 8.22], "scale": [0.3552055698817236, 0.35520556284354554, 0.3552014331685614]}}}