{"parent": "snc:warhammer/right_fingers4", "display": {"ground": {"rotation": [17.18738491849283, -39.65178305485229, -76.9077697995236], "translation": [3.1876, 7.4504, 11.5952], "scale": [0.24999212237588608, 0.2499929724012257, 0.24999059732317933]}}}