{"parent": "snc:warhammer/right_cheek", "display": {"ground": {"rotation": [147.44361800319774, 25.403970549571774, -163.60938581977257], "translation": [-2.2284, 8.72, 0.0852], "scale": [0.25000132124650865, 0.2499892322681119, 0.24999916124859298]}}}