{"parent": "snc:warhammer/weist", "display": {"ground": {"rotation": [-177.6638327694389, -47.59192276500175, 165.66325918274597], "translation": [-0.6744, 10.4236, -4.0892], "scale": [0.4028521177181522, 0.402849645494445, 0.40285722191615236]}}}