{"parent": "snc:attack/harden/left_bicep", "display": {"ground": {"rotation": [-171.67908234377774, -2.904273248785947, 79.40266485497644], "translation": [8.4508, 14.9204, -3.0056], "scale": [0.39473092100822305, 0.39472452261038965, 0.39473307595133195]}}}