{"parent": "snc:attack/harden/left_shoulder", "display": {"ground": {"rotation": [-166.7496347574982, -3.812855143350605, 112.19273742473811], "translation": [7.1816, 14.3572, -3.0512], "scale": [0.2500083836094302, 0.2499982062435649, 0.24999140485224686]}}}