{"parent": "snc:attack/harden/left_hand", "display": {"ground": {"rotation": [170.74430728566168, 23.416583157925427, 103.10787530807633], "translation": [25.4148, 19.928, -0.206], "scale": [0.24999150735575, 0.2500107447690999, 0.2500022537398413]}}}