{"parent": "snc:attack/harden/right_fingers", "display": {"ground": {"rotation": [172.83745112803052, -24.23700921440885, -121.1447988681235], "translation": [-27.6416, 18.7868, 1.6776], "scale": [0.24999262114110488, 0.25001431709004185, 0.2499911135920635]}}}