{"parent": "snc:attack/harden/right_fingers2", "display": {"ground": {"rotation": [172.8365878434194, -24.235916450998186, -153.64569742928666], "translation": [-29.1896, 18.0676, 2.506], "scale": [0.25000321247935997, 0.24998638337917528, 0.24999362616874854]}}}