{"parent": "snc:attack/harden/right_foot", "display": {"ground": {"rotation": [-79.00581033101287, 10.54449175870837, 169.27225809324185], "translation": [-3.6328, -9.7284, -17.9884], "scale": [0.2831982763895289, 0.2832199112438954, 0.2832186655218897]}}}