{"parent": "snc:attack/harden/right_forearm", "display": {"ground": {"rotation": [172.83527050037046, -24.238010187400064, -78.64340773556819], "translation": [-17.5032, 17.2416, -2.834], "scale": [0.3763445670193739, 0.3763387968307281, 0.3763306632803126]}}}