{"parent": "snc:attack/harden/right_thumb", "display": {"ground": {"rotation": [166.44591859115747, -43.53539099170338, -107.26020001103409], "translation": [-24.9064, 18.572, 1.246], "scale": [0.24999909249835287, 0.25000802362124297, 0.24998913726400193]}}}