{"parent": "snc:attack/harden/right_cheek", "display": {"ground": {"rotation": [-178.10949468375884, -0.9273156880372254, -178.02385011195602], "translation": [-3.1172, -3.2312, -10.6288], "scale": [0.28423124498372804, 0.2842186185403764, 0.28421744646485025]}}}