{"parent": "snc:attack/harden/right_shoulder", "display": {"ground": {"rotation": [-164.43523212950714, 2.8659329698814506, -112.32552932397091], "translation": [-7.1816, 14.3572, -3.0512], "scale": [0.2500044462104624, 0.2500039249691893, 0.24999042231653595]}}}