{"parent": "snc:attack/harden/right_hand", "display": {"ground": {"rotation": [172.83732037435306, -24.236873787785658, -103.6445747362014], "translation": [-25.2444, 19.5372, 0.366], "scale": [0.24999393367639944, 0.25000698365245716, 0.24998839223051936]}}}