{"parent": "snc:attack/harden/right_thumb_2", "display": {"ground": {"rotation": [164.49647690697043, -31.131319607780046, -83.45283709500316], "translation": [-25.5732, 17.8416, 2.0736], "scale": [0.24999936499919356, 0.2500084798561841, 0.24999963124972804]}}}