{"parent": "snc:attack/default/left_fingers2", "display": {"ground": {"rotation": [-22.79517019691171, 10.632093605003794, 22.070965920631036], "translation": [-1.1812, 1.5324, 5.3032], "scale": [0.24999742248671286, 0.25000426496362016, 0.2500039324690714]}}}