{"parent": "snc:attack/default/left_thumb", "display": {"ground": {"rotation": [-22.794753164500186, 10.631507072001869, -80.43034296779058], "translation": [2.1628, 3.0964, 3.2196], "scale": [0.2500110560055295, 0.2500131846523299, 0.25000775737964614]}}}