{"parent": "snc:attack/default/left_cheek", "display": {"ground": {"rotation": [165.13990952561758, 1.224769804589502, 179.2337492941771], "translation": [3.0444, -6.412, -1.4984], "scale": [0.28421534309392943, 0.28422600492389855, 0.284221714731651]}}}