{"parent": "snc:attack/default/left_knee", "display": {"ground": {"rotation": [-162.57243318814096, -7.043077394261607, -179.38758054729516], "translation": [4.25, 3.6084, 7.5712], "scale": [0.7800805218854013, 0.7800956403704613, 0.7800762190324738]}}}