{"parent": "snc:attack/default/right_fingers", "display": {"ground": {"rotation": [134.76376585406192, -21.529806236663294, 137.43961076174463], "translation": [-4.5744, -7.1236, 7.6012], "scale": [0.25001008479659376, 0.25000370247258336, 0.2500129509145476]}}}