{"parent": "snc:attack/default/right_fingers2", "display": {"ground": {"rotation": [134.76613883097426, -21.529946257560745, 64.94180489885632], "translation": [-3.502, -8.4672, 8.4048], "scale": [0.2500085361042698, 0.2500118034713561, 0.2500003424997654]}}}