{"parent": "snc:attack/default/right_foot", "display": {"ground": {"rotation": [-57.29590025539289, 1.7097974109248315, 170.263159279343], "translation": [-3.184, -9.8108, -6.0268], "scale": [0.2832038455335662, 0.2831992408181915, 0.28320710619615463]}}}