{"parent": "snc:warhammer/chest", "display": {"ground": {"rotation": [-169.64403437804825, -22.502150372280113, -173.37528607486476], "translation": [-1.3568, 17.8028, -2.682], "scale": [0.49586104467380776, 0.4958483292550253, 0.49585911620640793]}}}