{"parent": "snc:warhammer/left_cheek", "display": {"ground": {"rotation": [178.83850586853802, -22.699326829076963, 167.61939102557798], "translation": [3.24, 8.1352, -1.2828], "scale": [0.25000310748068716, 0.24999889624756344, 0.24998996604863963]}}}