{"parent": "snc:warhammer/left_thumb_2", "display": {"ground": {"rotation": [22.970206775925405, 18.77201477374931, -157.08826342973342], "translation": [12.5976, 28.446, -9.5324], "scale": [0.2499974512370076, 0.25000271248528483, 0.24998909226204252]}}}