{"parent": "snc:warhammer/left_hand", "display": {"ground": {"rotation": [19.28284858279081, -8.963646011849065, 175.08076181621206], "translation": [14.328, 26.6196, -8.8472], "scale": [0.2499875671908505, 0.24999740998658368, 0.25000394496887446]}}}