{"parent": "snc:warhammer/neck", "display": {"ground": {"rotation": [-170.35072955918167, -7.723911744195705, -176.07092529949978], "translation": [-0.6028, 25.3312, -1.7896], "scale": [0.25000046624956523, 0.2500056536860717, 0.2499973637361002]}}}