{"parent": "snc:warhammer/right_thumb_3", "display": {"ground": {"rotation": [17.57594966174767, -27.52373966296321, 34.42300348574405], "translation": [2.6976, 12.9428, 7.506], "scale": [0.24999129359839714, 0.2500084211081699, 0.24999549745945426]}}}