{"parent": "snc:warhammer/right_shoulder", "display": {"ground": {"rotation": [-127.59351762927602, -83.50054437246243, -96.13330659787621], "translation": [-4.2828, 24.4488, 0.9964], "scale": [0.4795823084987602, 0.47958010670794093, 0.47956625910816536]}}}