{"parent": "snc:warhammer/right_hand", "display": {"ground": {"rotation": [42.36056079588339, -23.783693409862636, 65.801659236985], "translation": [1.6732, 14.0152, 9.7588], "scale": [0.2500093735742722, 0.24999810124278943, 0.24999908624833014]}}}