{"parent": "snc:warhammer/right_knee", "display": {"ground": {"rotation": [-178.9496490529117, 29.931335473470806, -179.5832495398113], "translation": [-5.5444, -0.7336, 4.7364], "scale": [0.7852805923681039, 0.7852796615696856, 0.7852799524691815]}}}