{"parent": "snc:warhammer/right_leg", "display": {"ground": {"rotation": [147.44158669434808, 25.403287691292885, -163.6073008569031], "translation": [-2.2128, 9.4068, -0.3568], "scale": [0.4815997125466335, 0.4816114259701487, 0.4816086021086002]}}}