{"parent": "snc:warhammer/weist", "display": {"ground": {"rotation": [167.8539964022079, -9.281583807517332, 172.44106843031915], "translation": [0.296, 11.6244, -0.886], "scale": [0.4028542617994751, 0.40284143903029634, 0.4028470817196024]}}}