{"parent": "snc:attack/harden/chest", "display": {"ground": {"rotation": [-135.0, 0.0, -180.0], "translation": [0.0, 15.2264, 0.0184], "scale": [0.569175, 0.5691856035161115, 0.5691856035161115]}}}