{"parent": "snc:attack/harden/left_forearm", "display": {"ground": {"rotation": [170.74327797933722, 23.41545375431873, 78.11006020904928], "translation": [17.6412, 17.4584, -3.1904], "scale": [0.37632543180736533, 0.37632839133528045, 0.376341926477771]}}}