{"parent": "snc:attack/harden/left_fingers", "display": {"ground": {"rotation": [170.7437053871306, 23.4147466572081, 120.61147796349758], "translation": [27.8368, 19.2456, 1.0968], "scale": [0.2500100110495578, 0.24999575121389564, 0.2500038037210634]}}}