{"parent": "snc:attack/harden/left_thumb", "display": {"ground": {"rotation": [164.6767729992323, 42.77447683754422, 106.46971243682457], "translation": [25.0968, 18.9972, 0.7168], "scale": [0.24999470369389828, 0.2500129496646124, 0.25000703615098513]}}}