{"parent": "snc:attack/harden/left_fingers2", "display": {"ground": {"rotation": [170.74411464921528, 23.416604747418464, 153.11102643218555], "translation": [29.402, 18.57, 1.9296], "scale": [0.24999128984826652, 0.2500099098035916, 0.25000671365985355]}}}