{"parent": "snc:attack/harden/left_thumb_2", "display": {"ground": {"rotation": [162.54164210692318, 30.391202986291127, 82.75387374881312], "translation": [25.7808, 18.3048, 1.5628], "scale": [0.24999934249913539, 0.25000801112164384, 0.25000993355264906]}}}