{"parent": "snc:attack/harden/right_knee", "display": {"ground": {"rotation": [-79.00628642253606, 10.546011435920956, 169.2706577798182], "translation": [-6.7584, -12.5808, -2.646], "scale": [0.7800843872620448, 0.7801014601479733, 0.7800828193211281]}}}