{"parent": "snc:attack/harden/right_leg", "display": {"ground": {"rotation": [144.99969392076972, 0.0, -164.9996531325127], "translation": [-3.1012, -2.848, -10.4092], "scale": [0.5956729985906697, 0.5956851108177876, 0.5956766604039476]}}}