{"parent": "snc:attack/harden/right_bicep", "display": {"ground": {"rotation": [-169.35802027974458, 1.9709033144755093, -79.62013061675609], "translation": [-8.5356, 15.2004, -3.1464], "scale": [0.39471424711428904, 0.3947170236384542, 0.3947177480491598]}}}