{"parent": "snc:attack/harden/weist", "display": {"ground": {"rotation": [-180.0, 0.0, -180.0], "translation": [0.0, 3.968, -8.93], "scale": [0.522325, 0.522325, 0.522325]}}}