{"parent": "snc:female/left_hand", "display": {"ground": {"rotation": [161.04445107845424, 36.77594052621738, 176.37815384024145], "translation": [7.9676, 8.6728, 1.5816], "scale": [0.2500053011937947, 0.2499996299997262, 0.2500047512048521]}}}