{"parent": "snc:female/left_knee", "display": {"ground": {"rotation": [-171.89050058001968, -22.29774299826739, -176.90599688461973], "translation": [2.476, -2.4504, -1.8596], "scale": [0.7604375574299312, 0.7604297917132127, 0.7604418403139059]}}}