{"parent": "snc:female/left_fingers2", "display": {"ground": {"rotation": [161.04473367815444, 36.775612931737506, -53.62080054603085], "translation": [7.2372, 5.6328, 2.3208], "scale": [0.25000721364592665, 0.25000270498536614, 0.2500038124709301]}}}