{"parent": "snc:female/left_cheek", "display": {"ground": {"rotation": [-176.54403452387754, -9.828710264724823, 179.84299379126264], "translation": [1.3868, 13.0272, -2.064], "scale": [0.24999523370456483, 0.25001257468375465, 0.24999059732317935]}}}