{"parent": "snc:female/left_fingers", "display": {"ground": {"rotation": [161.04443209005905, 36.775746109594074, -131.12267293328742], "translation": [8.002, 6.4352, 2.6108], "scale": [0.2500064361671515, 0.25000668116072416, 0.25001207220852356]}}}