{"parent": "animated_java:blueprint/female/right_forearm", "display": {"ground": {"rotation": [156.79311060822326, 35.61670637044152, -176.43100726815877], "translation": [-7.2448, 16.3772, -1.4268], "scale": [0.3443316669651515, 0.34432747947992765, 0.34434254475013687]}}}