{"parent": "snc:female/right_cheek", "display": {"ground": {"rotation": [-177.42075465524638, -10.137100373054194, -177.4613981122954], "translation": [-1.9688, 13.0128, -1.4392], "scale": [0.24999406492954987, 0.2500103422860742, 0.25000458620793337]}}}