{"parent": "snc:female/right_leg", "display": {"ground": {"rotation": [170.08561669874373, -0.01667560011703985, 178.83929881090035], "translation": [-2.6748, 8.4384, 0.6092], "scale": [0.42948814375370126, 0.4295005296853544, 0.4294880695374436]}}}