{"parent": "snc:female/right_knee", "display": {"ground": {"rotation": [177.5844053519692, -0.1676460587836251, 178.85088490146381], "translation": [-2.7376, -2.4444, 2.3068], "scale": [0.7604311860714289, 0.7604262805328338, 0.7604289480286768]}}}