{"parent": "snc:female/right_shoulder", "display": {"ground": {"rotation": [-168.54172322930782, 3.585594574008361, -162.8589863424309], "translation": [-4.026, 22.6552, 0.2448], "scale": [0.3665677921612864, 0.36655287306199086, 0.36655769327624266]}}}