{"parent": "snc:jaw/default/chest", "display": {"ground": {"rotation": [177.500290009456, 0.0, -180.0], "translation": [0.0, 7.8512, -4.726], "scale": [1.016875, 1.0168676081476882, 1.0168676081476882]}}}