{"parent": "snc:jaw/hardening/left_fingers_2", "display": {"ground": {"rotation": [154.17928130876913, 8.997524500508476, -164.1302983221515], "translation": [10.2172, 21.8296, 7.8372], "scale": [0.25001312215561805, 0.2500035812243497, 0.25000616367401823]}}}