{"parent": "snc:jaw/default/left_bicep", "display": {"ground": {"rotation": [153.21682604830823, 42.679981861813644, 95.68174057731586], "translation": [7.4452, 10.8392, -5.8468], "scale": [0.3225388358399652, 0.32254147117076276, 0.3225315817869624]}}}