{"parent": "snc:jaw/default/neck", "display": {"ground": {"rotation": [-167.5022654368411, 0.0, -180.0], "translation": [0.0, 9.486, -4.7268], "scale": [0.25, 0.24999883124726802, 0.24999883124726802]}}}