{"parent": "snc:jaw/default/right_forearm", "display": {"ground": {"rotation": [153.21662509854218, -42.679028166167875, -95.67920689809138], "translation": [-13.3336, 15.0484, -4.0952], "scale": [0.5003388264466391, 0.5003245477937296, 0.5003383461468849]}}}