{"parent": "snc:jaw/hardening/right_fingers2", "display": {"ground": {"rotation": [-67.499571786169, 0.0, -180.0], "translation": [2.992, 4.2888, -32.7456], "scale": [0.25, 0.25000631242030674, 0.25000631242030674]}}}