{"parent": "snc:jaw/default/right_knee", "display": {"ground": {"rotation": [-157.12718194037504, 0.8494967316270495, -177.36001039538212], "translation": [-3.4552, 0.3308, -21.8768], "scale": [0.3962640762484028, 0.3962486790198801, 0.3962463911507586]}}}