{"parent": "snc:jaw/default/right_leg", "display": {"ground": {"rotation": [-172.50115241986666, 0.0, -180.0], "translation": [-2.1028, 8.8172, -18.8548], "scale": [0.25, 0.24998802596324488, 0.24998802596324488]}}}