{"parent": "snc:jaw/hardening/right_index_finger_2", "display": {"ground": {"rotation": [154.17928130876913, -8.997524500508476, 164.1302983221515], "translation": [-8.8148, 22.9272, 6.8272], "scale": [0.25001312215561805, 0.2500035812243497, 0.25000616367401823]}}}