{"parent": "snc:jaw/default/weist", "display": {"ground": {"rotation": [-172.498978227674, 0.0, -180.0], "translation": [0.0, 7.7348, -17.4032], "scale": [0.275, 0.2750033317979984, 0.2750033317979984]}}}