{"parent": "snc:armor/left_bicep", "display": {"ground": {"rotation": [124.9423405446038, -61.686743382590514, 33.08524011339452], "translation": [5.2596, 19.2164, -9.5116], "scale": [0.3960845269636268, 0.3960792297634402, 0.39607495266047815]}}}