{"parent": "snc:armor/left_fingers_2", "display": {"ground": {"rotation": [-173.0901777079777, 58.30817499503805, -54.85787892604446], "translation": [17.0008, 22.0544, -10.928], "scale": [0.2500040912165239, 0.2500010824976564, 0.2499977074894888]}}}