{"parent": "snc:armor/left_knee", "display": {"ground": {"rotation": [-127.09103426429255, -35.26198608710062, -177.9582129093294], "translation": [6.4552, -12.0724, -25.5844], "scale": [0.7261620815974902, 0.7261469642916646, 0.7261511266602841]}}}