{"parent": "snc:armor/left_fingers", "display": {"ground": {"rotation": [-173.09042351092313, 58.30901760739933, -167.35526177241823], "translation": [17.3284, 23.6652, -10.2632], "scale": [0.2500018212433661, 0.25000379247123433, 0.24999143735336218]}}}