{"parent": "snc:armor/right_shoulder", "display": {"ground": {"rotation": [-177.56743290744055, -42.897633543099154, -117.99801022999574], "translation": [-4.2896, 10.6948, -0.5324], "scale": [0.2532721868366126, 0.25327767000862905, 0.2532799155578665]}}}