{"parent": "snc:armor/right_foot", "display": {"ground": {"rotation": [-101.45161715864363, 1.664849231260961, 156.43056819552376], "translation": [-2.8444, -17.2844, -18.7788], "scale": [0.294289625624146, 0.2942791287621329, 0.29426999719645225]}}}