{"parent": "snc:armor/right_thumb_2", "display": {"ground": {"rotation": [-155.5247240756968, -65.6678139590185, -102.08990109096449], "translation": [-2.7656, 6.1668, 13.482], "scale": [0.25000769238165454, 0.2499951737034137, 0.24999804124232652]}}}