{"parent": "snc:armor/right_bicep", "display": {"ground": {"rotation": [-177.56551536531853, -42.89978880964839, -117.99582312384454], "translation": [-5.5328, 11.8104, 0.5588], "scale": [0.39608903118490923, 0.39608020731286236, 0.39608673608188394]}}}