{"parent": "snc:armor/right_arm", "display": {"ground": {"rotation": [-139.40459971162508, -46.29520047105873, -179.80038568030838], "translation": [-4.0552, 11.5024, -0.1188], "scale": [0.3323376944088648, 0.3323416060697186, 0.3323597768232492]}}}