{"parent": "snc:armor/right_hand", "display": {"ground": {"rotation": [60.088219732019056, -28.821623971999813, 120.59253415362632], "translation": [-4.9096, 6.8092, 14.3224], "scale": [0.2500081073685411, 0.24999499619992396, 0.250005207445765]}}}