{"parent": "snc:attack/default/chest", "display": {"ground": {"rotation": [-164.99871331547413, 0.0, -180.0], "translation": [0.0, 14.9764, 1.1436], "scale": [0.569175, 0.5691723871113215, 0.5691723871113215]}}}