{"parent": "snc:attack/default/left_forearm", "display": {"ground": {"rotation": [-29.36018187792518, 6.867644576032677, -96.92910321712526], "translation": [10.5628, 2.8012, 3.3016], "scale": [0.37632906561279583, 0.3763483999235283, 0.37634078721950937]}}}