{"parent": "snc:attack/default/left_hand", "display": {"ground": {"rotation": [-22.794973638515827, 10.632260811848171, -60.430109055044106], "translation": [2.0276, 4.3776, 3.6192], "scale": [0.2499935361664377, 0.2500046112074735, 0.25000187749295005]}}}