{"parent": "snc:attack/default/left_shoulder", "display": {"ground": {"rotation": [155.17381662778212, -1.6216743089184151, -167.6029936757509], "translation": [7.1816, 12.0616, -1.2708], "scale": [0.25000196749225795, 0.25000353247504326, 0.24999665122757145]}}}