{"parent": "snc:attack/default/left_thumb_2", "display": {"ground": {"rotation": [-22.794753164500186, 10.631507072001869, -80.43034296779058], "translation": [1.148, 2.4576, 3.6948], "scale": [0.2500110560055295, 0.2500131846523299, 0.25000775737964614]}}}