{"parent": "snc:attack/default/left_foot", "display": {"ground": {"rotation": [179.79620769674284, -6.900373945758467, 178.45610930232561], "translation": [3.8904, -11.4452, 2.4184], "scale": [0.2832034317412132, 0.28320109463065285, 0.28320439725576296]}}}