{"parent": "snc:attack/default/left_leg", "display": {"ground": {"rotation": [47.59664741798038, 5.79060398040656, 175.9360806866147], "translation": [3.1012, -5.7488, -1.3444], "scale": [0.5956797230895139, 0.5956844057468685, 0.5956791906093413]}}}