{"parent": "snc:attack/default/left_bicep", "display": {"ground": {"rotation": [-136.6153419452932, 73.65743555998404, 113.73202382067073], "translation": [7.9484, 11.0016, -0.8044], "scale": [0.39472318939986284, 0.3947310935941074, 0.394715069702184]}}}