{"parent": "snc:attack/default/right_thumb", "display": {"ground": {"rotation": [117.7460538103123, -9.997151804589212, 142.75775484533085], "translation": [-4.446, -4.7304, 6.1976], "scale": [0.25000111999749125, 0.2500024849876497, 0.2500055936874213]}}}