{"parent": "snc:attack/default/right_forearm", "display": {"ground": {"rotation": [134.76594403692016, -21.529272435854466, 159.93963450376916], "translation": [-8.348, 1.4516, 0.9244], "scale": [0.3763183442911068, 0.37633385859499807, 0.37632993004808957]}}}