{"parent": "snc:attack/default/right_cheek", "display": {"ground": {"rotation": [164.78189127677308, -2.207965996059808, -179.1375263434456], "translation": [-3.0568, -6.436, -1.4996], "scale": [0.28421818863331033, 0.284215821384032, 0.28421869660527266]}}}