{"parent": "snc:attack/default/right_knee", "display": {"ground": {"rotation": [-82.04203529305317, 5.653660148266072, 171.8761603922499], "translation": [-5.6, -12.198, 9.522], "scale": [0.7800847790464828, 0.7800929836404119, 0.7800844645773943]}}}