{"parent": "snc:attack/default/right_shoulder", "display": {"ground": {"rotation": [169.9993508985027, -5.002499605710734, -180.0], "translation": [-7.1816, 11.4492, -0.9172], "scale": [0.2500022849895576, 0.24999850624553738, 0.2500069761526666]}}}