{"parent": "snc:attack/default/right_hand", "display": {"ground": {"rotation": [134.76549455974035, -21.53026315111902, 159.9384868928203], "translation": [-5.7356, -5.0824, 6.0156], "scale": [0.25000503119937406, 0.25001516204022506, 0.25000932357614186]}}}