{"parent": "snc:attack/default/right_leg", "display": {"ground": {"rotation": [125.16743495561481, -1.2866077556480628, -170.19642368184967], "translation": [-3.1012, -5.5612, -1.3444], "scale": [0.5956714121476706, 0.5956798395530941, 0.5956745572248323]}}}