{"parent": "snc:attack/default/weist", "display": {"ground": {"rotation": [165.00127851144504, 0.0, -180.0], "translation": [0.0, 0.718, -1.68], "scale": [0.522325, 0.5223195920602635, 0.5223195920602635]}}}