{"parent": "snc:jaw/hardening/left_knee", "display": {"ground": {"rotation": [-152.49888468756967, 0.0, -180.0], "translation": [3.0756, 1.5156, -24.102], "scale": [0.39625, 0.3962505851730695, 0.3962505851730695]}}}