{"parent": "snc:jaw/default/left_foot", "display": {"ground": {"rotation": [-149.99927221917264, 0.0, -180.0], "translation": [3.0112, 7.2676, -30.1004], "scale": [0.25, 0.24999449993949865, 0.24999449993949865]}}}