{"parent": "snc:jaw/default/left_shoulder", "display": {"ground": {"rotation": [153.21567332223992, 42.67943821194636, 135.67950609983933], "translation": [5.4972, 8.7628, -6.654], "scale": [0.308196293983234, 0.3081845114943319, 0.3082056801066457]}}}