{"parent": "snc:jaw/default/left_fingers2", "display": {"ground": {"rotation": [-44.575670206134745, 2.11475492127198, 178.20507489846867], "translation": [-3.3336, 1.8444, -30.034], "scale": [0.24999284239753747, 0.25001132974327384, 0.24998787720607574]}}}