{"parent": "snc:jaw/default/left_thigh", "display": {"ground": {"rotation": [-110.00111647869217, 0.0, -180.0], "translation": [2.954, 7.848, -18.5432], "scale": [0.400925, 0.4009052147952182, 0.4009052147952182]}}}