{"parent": "snc:jaw/default/right_thigh", "display": {"ground": {"rotation": [-127.14311500041286, 2.0547847706653464, -178.13705949777858], "translation": [-2.954, 7.9016, -18.4732], "scale": [0.40091956019880093, 0.4009131592377581, 0.4009224005340684]}}}