{"parent": "snc:jaw/default/right_index_finger", "display": {"ground": {"rotation": [130.18020239539436, -1.5814768936722021, 161.8804176504631], "translation": [-8.8856, 21.1808, 5.3236], "scale": [0.2500138221178981, 0.250000761248841, 0.24999132734957027]}}}