{"parent": "snc:jaw/hardening/right_thumb", "display": {"ground": {"rotation": [150.6684863216392, -26.97362853357162, 133.0585906115726], "translation": [-8.0876, 19.1252, 2.7216], "scale": [0.25001083101537824, 0.25001167597734314, 0.2500083461106849]}}}