{"parent": "snc:jaw/default/right_foot", "display": {"ground": {"rotation": [-167.1195659559931, 0.3781663471141195, -177.2543384935965], "translation": [-3.1712, 5.466, -28.3824], "scale": [0.24999242613527314, 0.2499880759656348, 0.24999781624046238]}}}