{"parent": "animated_java:blueprint/female/chest", "display": {"ground": {"rotation": [-163.63130958815842, 32.227665198308664, 165.76202976013337], "translation": [2.3644, 17.766, -3.5832], "scale": [0.3196228373020301, 0.3196343506649434, 0.3196297799799011]}}}