{"parent": "animated_java:blueprint/female/left_shoulder", "display": {"ground": {"rotation": [137.69309973099243, 72.92962639913938, 144.45613208493896], "translation": [4.312, 23.9532, -0.2736], "scale": [0.3665483119590104, 0.3665508602158778, 0.36655186706658577]}}}