{"parent": "snc:female/left_leg", "display": {"ground": {"rotation": [166.91539453530467, 30.178236033587627, 147.77173919860937], "translation": [5.4596, 11.2904, -0.346], "scale": [0.42948796912719217, 0.429477642025752, 0.4294794559987707]}}}