{"parent": "snc:female/left_thumb", "display": {"ground": {"rotation": [-21.941839139987483, 8.34911919203719, -70.68781645320054], "translation": [-0.1576, 28.1872, 9.2944], "scale": [0.24999232113206996, 0.24999929249899888, 0.2499936736699551]}}}