{"parent": "snc:female/left_knee", "display": {"ground": {"rotation": [-167.74164553195632, 11.52256590342059, 138.0776597357164], "translation": [10.8456, 3.0244, 4.5516], "scale": [0.7604358622691332, 0.7604292656947127, 0.7604418267527109]}}}