{"parent": "snc:female/left_cheek", "display": {"ground": {"rotation": [-177.78974961761557, 33.12523729156543, 154.701657573871], "translation": [5.3868, 14.8136, -3.7312], "scale": [0.25001331214557354, 0.24999763123877794, 0.25000073374892323]}}}