{"parent": "animated_java:blueprint/female/left_thumb_2", "display": {"ground": {"rotation": [-59.23548751483071, 61.79159877063744, -46.19152554612225], "translation": [-1.1572, 27.3492, 9.8516], "scale": [0.24999031106224898, 0.25000013624996287, 0.2499971074832667]}}}