{"parent": "snc:female/left_forearm", "display": {"ground": {"rotation": [28.771971392937708, 1.314614720487989, -134.4909921897856], "translation": [5.9952, 23.4152, 6.7576], "scale": [0.3443414774972658, 0.3443507967901338, 0.34434308926563345]}}}