{"parent": "snc:female/left_foot", "display": {"ground": {"rotation": [-165.20188106850875, -0.6725442271558365, 153.8209588214723], "translation": [21.5152, -10.0172, 4.4636], "scale": [0.2555836164545764, 0.2555854969476946, 0.25559707671450393]}}}