{"parent": "snc:female/neck", "display": {"ground": {"rotation": [-151.8071547415454, 23.727709489736505, 159.64099774858568], "translation": [0.8556, 24.882, -2.5308], "scale": [0.25000586243126377, 0.24999007105283202, 0.2500052511948499]}}}