{"parent": "snc:female/right_forearm", "display": {"ground": {"rotation": [14.923965441441307, -74.03077838604042, 135.010691505663], "translation": [-8.9896, 20.4644, -5.0476], "scale": [0.3443381377730326, 0.3443353969968815, 0.34434358658903463]}}}