{"parent": "snc:female/right_thumb", "display": {"ground": {"rotation": [-7.311106869898088, -49.35141676174647, 92.84220018829178], "translation": [-6.5656, 24.6844, 1.7812], "scale": [0.24999366741979687, 0.25000518369625857, 0.24998897350683288]}}}