{"parent": "snc:female/right_fingers2", "display": {"ground": {"rotation": [44.3988692487668, -64.9368821295003, -42.84775574697836], "translation": [-6.1068, 24.6572, 4.1932], "scale": [0.25001609698177435, 0.24999170236229842, 0.2500035424749017]}}}