{"parent": "snc:female/right_fingers", "display": {"ground": {"rotation": [44.399267435905955, -64.94107472059169, 64.65704115085911], "translation": [-6.5492, 25.6924, 3.9792], "scale": [0.25000754238622486, 0.24999578496446695, 0.25001110100353546]}}}