{"parent": "snc:female/right_knee", "display": {"ground": {"rotation": [-162.8589495786361, 51.35013519031636, -166.86206154637688], "translation": [-7.7324, 5.2084, 0.812], "scale": [0.7604255178023684, 0.7604235550829551, 0.7604426334379207]}}}