{"parent": "animated_java:blueprint/female/right_cheek", "display": {"ground": {"rotation": [-177.28899527609568, 41.91111145901423, 179.7382366366722], "translation": [3.0028, 14.2492, -5.5644], "scale": [0.2500086498503602, 0.24999680622959966, 0.25000360122406234]}}}