{"parent": "snc:female/right_shoulder", "display": {"ground": {"rotation": [151.54753849206605, 11.140166378428457, -118.08092067512528], "translation": [-2.2904, 23.2268, -4.8252], "scale": [0.3665703564801715, 0.3665689890729984, 0.3665541237320895]}}}