{"parent": "snc:jaw/default/chest", "display": {"ground": {"rotation": [173.00008150018073, 0.0, -180.0], "translation": [0.0, 7.0276, -4.4724], "scale": [1.016875, 1.016879489234098, 1.016879489234098]}}}