{"parent": "snc:jaw/default/left_foot", "display": {"ground": {"rotation": [-179.94722355758873, -12.287035030932019, 177.47172924450143], "translation": [4.3032, -2.036, -21.5924], "scale": [0.24998908226160596, 0.24999553746017147, 0.25000365747324577]}}}