{"parent": "snc:jaw/default/left_hand", "display": {"ground": {"rotation": [-167.3873546355773, 9.915760563481731, 178.67954516532495], "translation": [9.4612, -5.752, -1.6228], "scale": [0.24999989624997845, 0.2500060336771895, 0.2500046174573582]}}}