{"parent": "snc:jaw/default/right_thigh", "display": {"ground": {"rotation": [172.39533309585252, 11.853149527003243, -165.8716739504562], "translation": [-3.4344, 4.2936, -17.9184], "scale": [0.40091722727391, 0.4009154633460775, 0.40092255018893613]}}}