{"parent": "snc:jaw/default/right_shoulder", "display": {"ground": {"rotation": [-175.00207551059844, 0.0, -180.0], "translation": [-5.4972, 6.154, -6.6184], "scale": [0.3082, 0.30819680907660285, 0.30819680907660285]}}}