{"parent": "snc:jaw/default/right_knee", "display": {"ground": {"rotation": [165.78394556608035, 11.308206635770029, -174.54324122674865], "translation": [-6.1124, -2.2208, -13.4972], "scale": [0.39625349525272324, 0.3962620006069217, 0.39623877034560867]}}}