{"parent": "snc:jaw/default/right_bicep", "display": {"ground": {"rotation": [-175.00178874815913, 0.0, -180.0], "translation": [-7.1164, 5.6956, -6.7616], "scale": [0.32255, 0.3225264330252638, 0.3225264330252638]}}}