{"parent": "snc:jaw/default/right_forearm", "display": {"ground": {"rotation": [-167.89217790864615, -9.92378346976212, -178.76758517371837], "translation": [-10.7304, -0.502, -8.7572], "scale": [0.5003249306700597, 0.5003294383453766, 0.5003239231987613]}}}