{"parent": "snc:jaw/default/right_leg", "display": {"ground": {"rotation": [174.87679123349886, 12.45050100976949, -166.3949503285623], "translation": [-2.1028, 5.0788, -18.9764], "scale": [0.25000453245891363, 0.2500047449549708, 0.2500029112330494]}}}