{"parent": "animated_java:blueprint/female/left_leg", "display": {"ground": {"rotation": [-171.89154268797222, -22.296649447781945, -176.90574738174467], "translation": [2.838, 8.4384, -0.238], "scale": [0.4294916122580277, 0.4294980013050119, 0.4294854159339989]}}}