{"parent": "animated_java:blueprint/female/left_foot", "display": {"ground": {"rotation": [-177.16545960505792, -29.968609068550712, -179.2366190241857], "translation": [1.5008, -19.2104, -3.3004], "scale": [0.2555925822965135, 0.25560112480190694, 0.25559368267819144]}}}