{"parent": "animated_java:blueprint/female/right_foot", "display": {"ground": {"rotation": [177.6822997823273, 4.8310981781083475, 178.84692694669667], "translation": [-2.0496, -19.2376, 3.5116], "scale": [0.25558458849273363, 0.2556031017515242, 0.2555910368635802]}}}