{"parent": "animated_java:blueprint/female/right_thumb_2", "display": {"ground": {"rotation": [167.2406852183549, -36.298408238780404, -172.68628513029373], "translation": [-6.5656, 7.5012, 2.292], "scale": [0.25000388996973627, 0.24999111609215238, 0.25000602742734024]}}}