{"parent": "animated_java:blueprint/female/right_thumb", "display": {"ground": {"rotation": [127.42635037464277, -33.66955145457348, 163.84939628578064], "translation": [-7.3064, 8.598, 1.7824], "scale": [0.24999899624798497, 0.24999021105835328, 0.2500010874976347]}}}