{"parent": "snc:beast/default/chest", "display": {"ground": {"rotation": [-149.00041810904037, 0.0, -180.0], "translation": [0.0, 22.2996, -0.2524], "scale": [1.515375, 1.515391806802782, 1.515391806802782]}}}