{"parent": "snc:beast/default/hip", "display": {"ground": {"rotation": [155.99991024936102, 0.0, -180.0], "translation": [0.0, -9.9796, -12.7028], "scale": [1.098475, 1.0984956375084063, 1.0984956375084063]}}}