{"parent": "snc:beast/default/left_hand", "display": {"ground": {"rotation": [27.77283998936799, 32.83995811600298, -42.59742261811109], "translation": [5.8692, -3.032, 2.3752], "scale": [0.2624958487766997, 0.2625068701481925, 0.26250107142638485]}}}