{"parent": "snc:beast/default/left_bicep", "display": {"ground": {"rotation": [-158.28911155181618, 55.08651819177189, 152.4375413338844], "translation": [17.55, 18.1384, -10.5116], "scale": [0.9000115808282692, 0.8999913603751982, 0.9000078058689269]}}}