{"parent": "snc:beast/default/left_fingers", "display": {"ground": {"rotation": [27.77296492449051, 32.834071644247786, -25.098048335384792], "translation": [2.8504, -8.23, 2.1768], "scale": [0.24999632622300672, 0.2499906323244933, 0.24999202737287443]}}}