{"parent": "snc:beast/default/left_forearm", "display": {"ground": {"rotation": [85.86226055834892, 11.089976825349085, -121.13427221097137], "translation": [26.854, 2.702, -11.0268], "scale": [1.0687532137378581, 1.0687410087341085, 1.0687497792397433]}}}