{"parent": "snc:beast/default/right_knee", "display": {"ground": {"rotation": [-178.66238278683312, 9.054193074464102, 175.73728800193894], "translation": [-11.3264, -7.71, 0.8288], "scale": [0.7124992008767449, 0.7124943241001994, 0.7124952236682012]}}}