{"parent": "snc:beast/default/right_arm", "display": {"ground": {"rotation": [-149.00185126483186, 0.0, -180.0], "translation": [-16.55, 22.7464, -7.6644], "scale": [0.3, 0.29999395410574525, 0.29999395410574525]}}}