{"parent": "snc:beast/default/right_foot", "display": {"ground": {"rotation": [-178.66319758614813, 9.056132830507925, 175.7384986958604], "translation": [-9.414, -22.2612, -4.706], "scale": [0.5099997732842633, 0.5100096304237793, 0.5099920293494791]}}}