{"parent": "animated_java:blueprint/female/left_fingers", "display": {"ground": {"rotation": [-10.29196225999217, 37.3660908199448, -2.516796512126283], "translation": [-1.8248, 28.844, 10.9188], "scale": [0.2499977024894429, 0.24999893624773684, 0.249999222498791]}}}