{"parent": "animated_java:blueprint/female/left_fingers2", "display": {"ground": {"rotation": [-10.291839079572558, 37.364953512925005, 104.9769246523369], "translation": [-1.7928, 27.708, 11.0628], "scale": [0.2500042012146996, 0.25000080124871604, 0.24999802999223814]}}}