{"parent": "animated_java:blueprint/female/left_arm", "display": {"ground": {"rotation": [-163.63091121503507, 32.2273785391842, 165.76663880227528], "translation": [2.2392, 24.8784, -1.4056], "scale": [0.2500091110839763, 0.2500074498889983, 0.24999817624334783]}}}