{"parent": "animated_java:blueprint/female/left_hand", "display": {"ground": {"rotation": [-10.291736551084076, 37.36684886470001, -87.51921537019955], "translation": [0.234, 28.688, 9.5756], "scale": [0.24999337116211703, 0.250003972468439, 0.24999865624638865]}}}