{"parent": "animated_java:blueprint/female/right_hand", "display": {"ground": {"rotation": [44.39885327978853, -64.93777703765082, 149.65788987991166], "translation": [-7.228, 24.8936, 1.75], "scale": [0.2500142708426861, 0.24999854124574408, 0.250010242290191]}}}