{"parent": "animated_java:blueprint/female/right_leg", "display": {"ground": {"rotation": [128.17169213478147, 5.7091627605557935, -127.68037676678867], "translation": [1.0912, 10.0796, -3.6304], "scale": [0.42948815685068664, 0.4294918902028303, 0.42950396534840046]}}}