{"parent": "animated_java:blueprint/female/right_thumb_2", "display": {"ground": {"rotation": [165.29740933744594, -70.52670919388392, -95.56009864441249], "translation": [-5.752, 24.2916, 2.874], "scale": [0.25000079624873195, 0.25000452745900426, 0.2499916361100907]}}}