{"parent": "animated_java:blueprint/female/right_arm", "display": {"ground": {"rotation": [-163.63091121503507, 32.2273785391842, 165.76663880227528], "translation": [-0.6636, 24.5588, -3.4068], "scale": [0.2500091110839763, 0.2500074498889983, 0.24999817624334783]}}}