{"parent": "animated_java:blueprint/female/right_foot", "display": {"ground": {"rotation": [-159.9799305812232, 54.52893169098168, 168.52717748423302], "translation": [-10.2992, -9.8268, -6.35], "scale": [0.25558422290900507, 0.25559584552570486, 0.25559351273066383]}}}