{"parent": "animated_java:blueprint/female/weist", "display": {"ground": {"rotation": [171.06640319648946, 38.155991847660225, 172.96244444775243], "translation": [2.93, 17.0236, -3.8652], "scale": [0.405589400594986, 0.40558496874884303, 0.40558331758098726]}}}