{"parent": "snc:attack/default/left_fingers", "display": {"ground": {"rotation": [-22.79581369686389, 10.631769217185061, -22.92838356616975], "translation": [-0.2836, 3.016, 4.5328], "scale": [0.25000496245074816, 0.25000038499970356, 0.2500079136247491]}}}