{"parent": "snc:attack/default/right_thumb_2", "display": {"ground": {"rotation": [117.7460538103123, -9.997151804589212, 142.75775484533085], "translation": [-3.3, -5.168, 6.5952], "scale": [0.25000111999749125, 0.2500024849876497, 0.2500055936874213]}}}