{"parent": "snc:attack/default/right_bicep", "display": {"ground": {"rotation": [169.99928022770237, -27.500915736214928, 177.49960728322995], "translation": [-8.4464, 10.4732, -0.8876], "scale": [0.39473730663569156, 0.3947120105215953, 0.3947250538349447]}}}