{"parent": "snc:jaw/default/left_fingers", "display": {"ground": {"rotation": [177.42947118734966, 2.670825299513378, 179.369077885421], "translation": [9.4184, -5.9188, 1.3088], "scale": [0.2500117209752375, 0.24999748248732426, 0.24999769623938536]}}}