{"parent": "snc:jaw/default/left_index_finger_2", "display": {"ground": {"rotation": [176.2171474525162, 26.774982458414556, -173.74981231129553], "translation": [6.5628, -5.778, 3.044], "scale": [0.2500067924077264, 0.24999375367196677, 0.24998994104763497]}}}