{"parent": "snc:jaw/default/left_knee", "display": {"ground": {"rotation": [165.78394556608035, -11.308206635770029, 174.54324122674865], "translation": [6.1476, -2.3736, -13.4956], "scale": [0.39625349525272324, 0.3962620006069217, 0.39623877034560867]}}}