{"parent": "snc:jaw/default/right_index_finger", "display": {"ground": {"rotation": [176.2171474525162, -26.774982458414556, 173.74981231129553], "translation": [-7.6036, -5.8908, 0.9904], "scale": [0.2500067924077264, 0.24999375367196677, 0.24998994104763497]}}}