{"parent": "snc:jaw/default/right_thumb", "display": {"ground": {"rotation": [-178.40366477734062, -30.10385588300073, -179.2648846895656], "translation": [-7.1232, -6.2332, -2.3692], "scale": [0.25001547202123314, 0.2499977924902538, 0.2500049862002756]}}}