{"parent": "snc:jaw/default/right_fingers2", "display": {"ground": {"rotation": [-177.38859425261342, -12.386716342194257, 178.02263996654355], "translation": [4.2816, -5.9348, -22.4116], "scale": [0.24998964353548728, 0.24999334241135304, 0.24999845749524136]}}}