{"parent": "snc:jaw/default/right_foot", "display": {"ground": {"rotation": [-179.94722355758873, 12.287035030932019, -177.47172924450143], "translation": [-4.2764, -2.0072, -21.5816], "scale": [0.24998908226160596, 0.24999553746017147, 0.25000365747324577]}}}