{"parent": "snc:jaw/default/weist", "display": {"ground": {"rotation": [169.5234401309309, 0.0, -180.0], "translation": [0.0, 4.424, -17.3044], "scale": [0.275, 0.24828606485262117, 0.27428401908423317]}}}