{"parent": "snc:attack/berserk/left_thumb", "display": {"ground": {"rotation": [99.07751391427153, 27.542901123381807, -95.40387829809673], "translation": [6.3876, -3.9304, 5.3944], "scale": [0.24999316240649463, 0.2500038162208729, 0.2500110210070748]}}}