{"parent": "snc:attack/berserk/left_cheek", "display": {"ground": {"rotation": [-179.1898311364017, 10.628635267419158, 168.81274776077717], "translation": [3.8228, -3.2036, -7.8452], "scale": [0.2842348028039494, 0.28423241370399677, 0.2842288624506667]}}}