{"parent": "snc:attack/berserk/left_hand", "display": {"ground": {"rotation": [101.80460945588707, 47.42417123832261, -109.59458067266463], "translation": [7.3912, -4.2372, 6.242], "scale": [0.2500059161799976, 0.24999441743767, 0.2500009424982234]}}}