{"parent": "snc:attack/default/left_fingers2", "display": {"ground": {"rotation": [101.80478919289871, 47.42716849027538, 47.905769197420085], "translation": [4.7804, -6.6124, 4.7964], "scale": [0.24999390117560868, 0.24999836749466986, 0.25000097624809386]}}}