{"parent": "snc:attack/default/left_knee", "display": {"ground": {"rotation": [-127.58329801079327, -18.36640955782949, 179.0538639152834], "translation": [7.3716, -15.6768, -6.7084], "scale": [0.780087913715499, 0.7800768551880001, 0.7800812926387864]}}}