{"parent": "snc:attack/default/left_shoulder", "display": {"ground": {"rotation": [-141.27739341036298, 54.813494078788224, 141.80759145514932], "translation": [6.9088, 11.0708, 0.3672], "scale": [0.25000592367982005, 0.2500068874051273, 0.24999916624860974]}}}