{"parent": "snc:attack/default/left_bicep", "display": {"ground": {"rotation": [-141.27392502500973, 54.8131449902487, 131.8055966468254], "translation": [7.7052, 10.2532, 1.1588], "scale": [0.3947253515103888, 0.3947230453115197, 0.3947144331665616]}}}