{"parent": "snc:attack/berserk/right_shoulder", "display": {"ground": {"rotation": [-117.03780047963788, 48.080422546673965, -175.14021259175928], "translation": [-6.0244, 13.6736, -5.3132], "scale": [0.2500056074371133, 0.24999938249923737, 0.24998843223237352]}}}