{"parent": "snc:attack/default/right_forearm", "display": {"ground": {"rotation": [162.69979751729537, -11.472159310488456, -131.21844159397085], "translation": [-8.7432, 12.0064, -15.2784], "scale": [0.37633536074889373, 0.37632680196207124, 0.37633054038305214]}}}