{"parent": "snc:attack/berserk/right_thumb_2", "display": {"ground": {"rotation": [143.12441972682743, -17.9691454395858, -163.7484690961418], "translation": [-14.1548, 5.442, -10.806], "scale": [0.2499961162198325, 0.2500047049557268, 0.25000160624483997]}}}