{"parent": "snc:attack/default/right_bicep", "display": {"ground": {"rotation": [-117.03691213677732, 48.078824280428144, -165.14170697560314], "translation": [-6.7236, 14.3108, -6.6012], "scale": [0.39472375229393025, 0.3947213867083971, 0.3947108158196327]}}}