{"parent": "snc:attack/default/right_leg", "display": {"ground": {"rotation": [124.31829427922607, 12.438153312846852, -155.223655535986], "translation": [-2.604, -3.1468, -8.8232], "scale": [0.5956757197712528, 0.5956665274085828, 0.5956691746473037]}}}