{"parent": "snc:attack/default/right_knee", "display": {"ground": {"rotation": [-166.00186837482732, 27.466875813980675, 177.83064840961825], "translation": [-8.3512, -10.0904, 0.5112], "scale": [0.7800783310027269, 0.7800872555361996, 0.78008923608136]}}}