{"parent": "snc:attack/default/weist", "display": {"ground": {"rotation": [-174.48083866771455, 11.076847187153568, -179.3349047397273], "translation": [0.2328, 3.4028, -6.118], "scale": [0.5223150653580653, 0.5223181579506881, 0.5223063474867983]}}}